number,population,under15-man
1,220189,11265
1,278781,17490
1,255873,15903
1,204259,11961
1,212118,11929
1,146341,7878
1,211229,12657
1,128492,7742
1,139644,8930
1,116619,8174
1,279127,15775
1,131928,6611
1,347095,20544
1,94535,5295
1,181169,11045
1,168057,10985
1,125689,7813
1,10922,363
1,90145,5251
1,40998,2656
1,24457,1394
1,173320,11930
1,39595,2407
1,26034,1344
1,16628,724
1,123722,7566
1,12637,539
1,24750,1472
1,21787,1331
1,30591,1897
1,10221,388
1,29201,1838
1,93604,7192
1,43170,2724
1,19056,1098
1,4387,167
1,23709,1159
1,24259,1554
1,51526,3110
1,69384,4909
1,36278,2195
1,60353,4117
1,59449,4091
1,48032,3663
1,18766,1066
1,3515,214
1,8748,393
1,5114,219
1,5074,329
1,5341,232
1,28463,1844
1,4767,267
1,17859,1149
1,18896,1200
1,6386,291
1,9004,536
1,5428,312
1,4409,255
1,4408,231
1,3033,154
1,6186,333
1,9590,532
1,1781,101
1,3443,187
1,3250,204
1,5292,329
1,4823,310
1,2189,117
1,2034,131
1,2490,123
1,3811,229
1,15568,1097
1,6428,416
1,14451,849
1,1883,139
1,1122,54
1,2516,115
1,3611,141
1,3800,220
1,21258,1258
1,1262,79
1,8778,536
1,6194,352
1,4086,171
1,5896,320
1,11691,682
1,13340,734
1,4859,166
1,2206,128
1,7249,415
1,3462,185
1,2730,130
1,3049,181
1,2193,99
1,3612,174
1,7345,603
1,9292,782
1,7087,406
1,4042,191
1,3328,177
1,4532,210
1,7859,524
1,10956,663
1,11545,824
1,5477,404
1,2814,179
1,1394,60
1,3832,208
1,3565,216
1,3775,194
1,5178,281
1,995,17
1,1907,88
1,1710,89
1,5078,266
1,3717,193
1,3656,206
1,7964,426
1,1369,86
1,3084,202
1,3780,241
1,2825,202
1,4168,262
1,1974,106
1,9125,593
1,4378,274
1,3078,165
1,2590,115
1,3037,183
1,2677,184
1,21575,1394
1,5646,320
1,13045,814
1,4551,292
1,5358,319
1,5435,333
1,3428,184
1,5892,326
1,22265,1448
1,10041,643
1,3028,151
1,4301,292
1,1135,57
1,4939,276
1,7933,564
1,4528,222
1,3232,188
1,19376,993
1,4890,274
1,10132,535
1,8726,536
1,9746,546
1,13615,863
1,5596,367
1,5775,385
1,14389,938
1,5114,302
1,5413,389
1,25419,1658
1,45085,3741
1,6416,450
1,5080,307
1,5702,432
1,6653,368
1,9961,604
1,18905,1556
1,4006,249
1,3391,256
1,5977,356
1,7881,525
1,26547,1894
1,7527,394
1,3394,181
1,8275,468
1,7630,444
1,2650,133
1,5460,285
1,20526,1469
1,10630,633
1,6511,423
1,8285,530
1,8278,476
1,2627,204
1,9294,543
1,15855,1284
1,23982,1910
1,5646,406
1,5885,398
2,299520,19139
2,183473,11142
2,237615,16302
2,36132,2413
2,58421,3719
2,66110,4343
2,41258,3303
2,61066,4148
2,37243,2164
2,33764,2057
2,12361,659
2,3217,115
2,3271,180
2,7089,327
2,11449,563
2,9691,456
2,1594,80
2,16021,991
2,10978,513
2,8153,492
2,15227,880
2,14270,905
2,12743,666
2,14314,797
2,16759,981
2,10241,666
2,4881,284
2,19106,1192
2,11095,727
2,24211,1907
2,6340,462
2,7252,418
2,2463,118
2,2422,133
2,11299,671
2,18712,1028
2,6175,350
2,19853,1209
2,14699,955
2,2851,130
3,298348,19852
3,59430,3702
3,40737,2505
3,101438,6584
3,93138,6910
3,36872,2711
3,29331,1760
3,118578,7606
3,23300,1434
3,39574,2273
3,29702,1870
3,28680,1621
3,124746,8210
3,18033,1050
3,7304,335
3,14984,896
3,53857,4113
3,33288,2349
3,27205,2023
3,6602,297
3,16325,1088
3,8345,507
3,9064,506
3,6190,290
3,15276,871
3,18617,1174
3,10804,579
3,3843,229
3,3088,176
3,10209,555
3,4632,283
3,6507,360
3,17913,1169
3,14187,724
4,291436,17378
4,190473,13323
4,132306,8514
4,220588,15619
4,211183,15246
4,160826,10263
4,56490,3267
4,73489,4562
4,37422,2235
4,73134,5652
4,31336,1955
4,63060,4906
4,44187,3496
4,83969,5458
4,74932,4354
4,42903,3215
4,135147,9250
4,12882,759
4,1694,75
4,23530,1724
4,11995,758
4,39341,2573
4,9978,575
4,15501,865
4,34845,2352
4,16704,868
4,15085,827
4,20416,1493
4,33994,2789
4,24894,1900
4,8927,501
4,47042,4618
4,5334,408
4,7431,469
4,25527,1558
4,17494,1045
4,25190,1516
4,10051,542
4,17429,1116
5,323600,20156
5,59084,3400
5,98367,5818
5,78946,4625
5,32294,1422
5,50849,2925
5,34473,2053
5,85229,5039
5,34442,2252
5,88301,4966
5,36387,1778
5,27544,1688
5,29568,1589
5,6054,313
5,2727,102
5,3848,176
5,18876,915
5,8220,410
5,10516,466
5,6623,328
5,5493,303
5,3218,272
5,21674,1234
5,16792,937
5,2872,168
6,254244,17014
6,89401,5971
6,136623,9012
6,111151,7100
6,38850,2780
6,42373,3028
6,33836,1970
6,26811,1650
6,29473,1918
6,62214,4436
6,46414,3379
6,18955,1135
6,33658,2185
6,15139,942
6,12015,762
6,19959,1271
6,6270,347
6,7856,426
6,9227,559
6,8160,493
6,6365,421
6,9847,603
6,6164,357
6,9165,476
6,3762,236
6,4862,293
6,5304,289
6,25025,1746
6,17313,1000
6,8862,562
6,15314,981
6,7943,487
6,7731,526
6,23158,1497
6,15480,826
7,292590,20423
7,126220,8722
7,338712,24870
7,342249,23835
7,64704,4915
7,79267,6101
7,52356,3377
7,37817,2625
7,59871,3987
7,40422,2551
7,70878,4956
7,66027,4178
7,31489,2389
7,12853,790
7,10086,571
7,15569,902
7,8574,639
7,12815,1030
7,6291,401
7,6461,375
7,636,38
7,4932,260
7,17864,1068
7,3185,237
7,7366,356
7,3761,235
7,15805,1010
7,17360,1206
7,3364,264
7,4009,230
7,1926,71
7,2462,82
7,1500,60
7,22737,1410
7,19767,1510
7,6802,489
7,5154,413
7,18407,1323
7,15062,1212
7,6348,366
7,9884,642
7,3989,244
7,17775,1035
7,7231,512
7,6921,476
7,6888,528
7,6030,393
7,18191,1158
7,11202,702
7,5418,400
7,7700,522
7,16001,1174
7,2820,141
7,11515,902
7,6932,492
7,20905,1359
7,1531,105
7,8224,607
7,6209,406
8,268750,19280
8,193129,13231
8,143839,9767
8,142995,9618
8,79687,5122
8,52494,3524
8,80334,5650
8,44987,3288
8,65320,4549
8,56250,3193
8,31017,1968
8,47026,3082
8,79409,5308
8,109651,6465
8,81684,5571
8,214590,16687
8,157060,12334
8,66093,4609
8,30534,1943
8,62482,5276
8,45178,2765
8,54240,3714
8,108527,7360
8,56114,3880
8,46895,2739
8,43553,3001
8,45673,3013
8,94795,7573
8,37611,2215
8,50156,3094
8,44461,3026
8,52279,3688
8,34513,2238
8,18328,1105
8,21491,1262
8,37438,3224
8,20073,969
8,17299,1170
8,47940,3153
8,10172,519
8,23106,1646
8,9410,540
8,25714,1815
8,17473,862
9,511739,36624
9,154530,9903
9,139262,9076
9,121249,7843
9,102348,6985
9,90066,5392
9,164454,12024
9,82289,6347
9,77729,5031
9,35343,2398
9,117812,8674
9,44768,3319
9,29206,1725
9,59483,4519
9,31621,2726
9,6521,446
9,24348,1605
9,15018,830
9,12094,830
9,16030,1117
9,39605,2699
9,25720,1549
9,18241,1134
9,12560,774
9,30436,2208
9,26765,1606
9,18446,1057
10,340291,23595
10,371302,26689
10,121704,7319
10,207221,16216
10,216465,16879
10,51265,3488
10,78608,5729
10,83330,5210
10,67975,4638
10,52070,3506
10,61077,3848
10,51899,3895
10,14370,1103
10,19801,1615
10,1306,67
10,2352,55
10,8911,359
10,2423,53
10,13618,873
10,18216,1033
10,6017,384
10,10183,640
10,7160,385
10,3911,260
10,15622,865
10,4904,288
10,3898,235
10,7620,535
10,21345,1158
10,37536,2821
10,15706,964
10,11209,762
10,11473,804
10,40257,2878
10,27023,1834
11,84029,5626
11,138630,10146
11,108488,6271
11,157143,11067
11,96055,6776
11,96911,6521
11,144786,9942
11,174988,12840
11,110118,8622
11,111286,7287
11,342670,22773
11,203180,13465
11,500598,34448
11,85786,5556
11,66955,4493
11,341924,22375
11,83549,5072
11,115002,7457
11,81889,5257
11,90099,5529
11,237171,15195
11,155727,9491
11,56204,3687
11,119639,7734
11,144618,10180
11,223926,15939
11,243855,17115
11,326313,22963
11,71502,4014
11,123079,9645
11,149872,10215
11,60908,4376
11,129691,9189
11,69611,4830
11,80745,5841
11,158777,10993
11,74711,5049
11,154310,9690
11,68888,4514
11,82977,6057
11,106736,7390
11,131415,8812
11,63309,4172
11,101700,6833
11,54012,3184
11,69990,4936
11,57473,3939
11,65298,5332
11,105695,7537
11,42494,3956
11,38706,2822
11,39054,2202
11,12537,759
11,17323,1395
11,18887,1120
11,32913,1729
11,22147,1343
11,21079,1225
11,15305,720
11,12418,634
11,9039,637
11,10888,682
11,7908,504
11,13436,859
11,3348,175
11,11605,721
11,14470,982
11,30998,2426
11,35774,2233
11,33641,1860
11,50272,3478
11,46923,3147
11,31153,2348
12,199364,11905
12,180949,10762
12,157768,10379
12,151585,9310
12,121921,10161
12,150162,10964
12,70210,3625
12,473919,27630
12,609040,42408
12,49290,3045
12,129312,8947
12,484457,30095
12,155491,10540
12,93015,5730
12,128933,9397
12,172183,11031
12,61751,3907
12,69058,4533
12,164530,11648
12,404012,27970
12,20788,881
12,280416,18225
12,163984,11238
12,189781,14817
12,134017,8607
12,35766,2060
12,107853,7163
12,89168,5755
12,48073,2609
12,164877,13565
12,86726,6163
12,60355,4374
12,73212,4873
12,88176,6573
12,60345,4882
12,51087,3244
12,42104,2097
12,39814,2368
12,82866,4846
12,56089,3368
12,40962,2200
12,21234,1370
12,22580,1105
12,6454,395
12,16002,889
12,15154,878
12,50113,3212
12,18004,917
12,7920,459
12,24675,1583
12,12034,806
12,7340,328
12,14752,969
12,12151,632
12,8035,427
12,9073,407
12,10671,538
12,7738,330
12,8950,443
13,47115,2532
13,122762,6606
13,205131,11679
13,326309,12767
13,206626,10228
13,175928,7538
13,247606,13201
13,460819,28365
13,365302,18454
13,268330,13117
13,693373,38593
13,877138,49250
13,204492,7775
13,314750,11912
13,549569,20785
13,284678,11256
13,335544,15998
13,203296,11258
13,535824,28475
13,716124,44767
13,683426,43114
13,442586,27519
13,678967,48520
13,580053,36884
13,179668,10876
13,138734,7459
13,186083,10927
13,139339,9287
13,255506,17595
13,112297,7419
13,223593,13745
13,426987,29610
13,118852,6897
13,187035,12303
13,180052,11779
13,153557,10136
13,120650,7241
13,75510,4697
13,59796,3646
13,78751,4330
13,83068,5874
13,74104,4889
13,116546,7717
13,70053,5457
13,147648,9006
13,84835,6642
13,57032,4021
13,80868,5882
13,196511,12344
13,33497,2373
13,16650,996
13,2558,89
13,6045,233
13,8461,503
13,341,28
13,2883,170
13,1889,142
13,2676,98
13,348,35
13,8231,493
13,201,20
13,2785,226
14,272178,18120
14,233429,13669
14,94867,5007
14,146033,7791
14,196153,10989
14,206634,12785
14,163237,9910
14,209274,13669
14,329471,20705
14,274324,20180
14,221411,14548
14,251086,16323
14,177631,13155
14,126913,9413
14,124866,8557
14,155698,11131
14,304297,23735
14,201271,18895
14,217328,12911
14,154212,9836
14,233925,15351
14,217360,14998
14,213894,13202
14,218867,16820
14,169926,11886
14,176192,11859
14,266988,18950
14,274364,17388
14,418325,26596
14,260780,17607
14,174314,10627
14,409657,28912
14,198327,12932
14,235081,16602
14,58302,3617
14,48352,2581
14,170145,10831
14,224420,15784
14,228186,15433
14,101039,7096
14,127707,9335
14,129436,8805
14,44020,3130
14,83167,6088
14,32766,2300
14,47672,3402
14,33032,2062
14,29522,1813
14,10010,664
14,17972,1520
14,11676,648
14,11764,624
14,16369,1323
14,13853,582
14,8212,359
14,26848,1456
14,42089,2898
14,3459,196
15,77621,5393
15,138096,9388
15,180537,10853
15,69365,4918
15,77329,5190
15,46949,3002
15,161264,10382
15,60740,3823
15,282674,19007
15,102292,6689
15,91451,5736
15,101202,6374
15,38600,2643
15,29762,1828
15,58911,3725
15,41862,2732
15,66427,4089
15,81876,5559
15,47702,2869
15,35457,2236
15,54550,3366
15,203899,14183
15,45560,3025
15,62727,3625
15,40361,2608
15,61624,4298
15,31424,1936
15,13724,1091
15,8582,568
15,12791,766
15,13303,683
15,4907,245
15,8396,461
15,10881,615
15,4800,310
15,6438,362
15,366,13
16,421953,28673
16,176061,11191
16,44959,2938
16,51726,2993
16,33676,2515
16,41852,2924
16,49410,3723
16,32067,1876
16,54724,3305
16,93588,6772
16,2967,327
16,21965,1349
16,27466,1919
16,27182,1651
16,13651,696
17,462361,31694
17,57900,3511
17,108433,8096
17,29858,1450
17,16300,770
17,71887,4517
17,23032,1344
17,34651,2595
17,110459,8652
17,48680,4191
17,6147,667
17,51885,3869
17,36940,3105
17,26927,2048
17,22216,1191
17,14277,881
17,18535,1264
17,9735,440
17,19565,928
18,266796,18617
18,67760,5076
18,31340,2258
18,35291,2204
18,25466,1493
18,67450,5362
18,29989,1888
18,85614,6282
18,91900,7289
18,20647,1418
18,3046,129
18,11551,783
18,23160,1584
18,10563,625
18,11062,818
18,8580,595
18,16099,1076
19,198992,13106
19,50619,3639
19,33588,2167
19,36832,2544
19,28120,1494
19,32477,2335
19,72635,5803
19,46968,2730
19,73807,5764
19,70529,5184
19,27114,1534
19,33927,2310
19,31322,2423
19,17111,1043
19,1246,48
19,14462,643
19,9011,463
19,16307,1071
19,17653,1523
19,1919,117
19,4541,341
19,8635,730
19,5324,375
19,2964,215
19,25471,1901
19,816,29
19,685,20
20,381511,27444
20,243037,17738
20,159597,11175
20,52841,3729
20,105335,7459
20,51200,3702
20,52168,3692
20,43997,3025
20,71093,5224
20,33693,2506
20,45638,3310
20,29801,1927
20,23545,1530
20,56391,4248
20,67670,4827
20,100552,7459
20,62068,4307
20,30696,2256
20,96479,6908
20,5180,300
20,4972,330
20,3528,220
20,1121,70
20,842,39
20,12069,748
20,19018,1257
20,14738,1169
20,7707,473
20,4609,283
20,6780,395
20,21532,1377
20,15338,965
20,7573,496
20,20909,1381
20,26214,1979
20,9902,606
20,14543,1226
20,5074,338
20,8974,764
20,13676,958
20,13216,1098
20,5455,290
20,7036,511
20,563,34
20,1129,51
20,4200,347
20,656,39
20,1657,48
20,1910,116
20,6692,512
20,6819,503
20,1160,40
20,5245,307
20,4810,262
20,3134,164
20,965,49
20,4145,252
20,12743,739
20,2970,151
20,1953,90
20,8425,671
20,4741,339
20,5172,277
20,10329,623
20,10093,684
20,9205,590
20,3221,198
20,15730,1033
20,11072,789
20,7563,519
20,13678,778
20,4939,311
20,3853,219
20,9238,516
20,3041,163
20,11865,668
20,2215,100
21,413136,28428
21,161160,11495
21,92747,6731
21,112595,7802
21,91418,6702
21,80910,5665
21,22629,1279
21,40387,2737
21,67197,5224
21,53718,3681
21,54729,4293
21,60475,3944
21,145604,10968
21,97436,7242
21,29629,1935
21,51950,4367
21,26732,1710
21,35047,2732
21,44491,2995
21,36314,2377
21,37941,2404
21,23804,1914
21,22809,1694
21,31332,2070
21,28505,2137
21,8096,459
21,20065,1467
21,10028,802
21,15271,1219
21,23784,1444
21,23859,1975
21,24980,1994
21,18395,1545
21,8361,592
21,5516,377
21,10593,742
21,4484,237
21,12045,721
21,9530,531
21,2514,141
21,18824,1230
21,1733,130
22,255375,16685
22,213059,14699
22,247763,15717
22,238477,16281
22,126609,9866
22,113654,9017
22,102381,7590
22,94680,6636
22,91108,6910
22,33957,1534
22,202304,13204
22,39611,1623
22,111838,7673
22,132001,9703
22,71437,4089
22,100276,6908
22,254027,18828
22,168625,12035
22,143249,10487
22,116363,8386
22,142151,10082
22,89030,7101
22,84846,6751
22,25013,1388
22,54546,4133
22,60107,4351
22,34202,1811
22,34700,2455
22,47041,3493
22,49269,3310
22,49019,3282
22,14064,700
22,7998,445
22,9516,503
22,7653,420
22,9469,451
22,38571,2645
22,32302,2598
22,40763,3376
22,20629,1469
22,29815,2327
22,8074,367
22,19435,1306
23,160015,9283
23,73272,3751
23,165785,10158
23,144995,9034
23,136164,6652
23,78353,2695
23,105536,5823
23,105061,6352
23,64719,3498
23,221521,15687
23,149215,10767
23,141310,8213
23,168551,13178
23,229592,19181
23,161012,12329
23,158793,11282
23,376665,28508
23,372357,29431
23,378566,28583
23,132224,9227
23,118828,9552
23,305569,23395
23,181928,13943
23,65258,4808
23,72018,5773
23,145781,11422
23,421487,32610
23,178691,15243
23,106823,8407
23,82249,5811
23,75198,5541
23,54858,3930
23,99730,7587
23,147132,11486
23,136442,9961
23,49864,3247
23,107690,8771
23,85249,7138
23,84768,6511
23,68398,5464
23,81140,6296
23,44027,3905
23,47340,3435
23,69745,5160
23,84237,7089
23,64119,4564
23,64978,4907
23,65757,4725
23,81571,6543
23,43272,3291
23,60098,5746
23,86714,6716
23,41851,3741
23,52022,4524
23,14405,1092
23,22446,1885
23,33558,2601
23,29891,2656
23,36688,2571
23,4525,286
23,25466,1803
23,49800,3923
23,20549,1131
23,25178,1673
23,42408,3394
23,23825,1733
23,22298,1667
23,12352,817
23,37930,3204
23,5769,246
23,3757,144
23,1336,67
24,285746,19075
24,307766,22546
24,130271,8611
24,168017,11790
24,140290,10441
24,199293,15560
24,80284,5366
24,20033,1070
24,51023,3757
24,21435,1267
24,19662,1060
24,45684,3235
24,54694,3177
24,97207,6281
24,6855,409
24,25661,1704
24,39978,3085
24,9626,1058
24,14003,1179
24,15438,1002
24,22833,1694
24,10416,594
24,15297,1244
24,8692,593
24,9846,494
24,14791,684
24,18611,1026
24,9376,662
24,11896,827
25,337634,25336
25,112156,8569
25,124131,9383
25,81738,5927
25,130874,9601
25,76560,6709
25,63655,6449
25,92704,7060
25,49955,3898
25,54614,4214
25,52486,3478
25,115479,9024
25,40060,3027
25,22870,1552
25,12916,936
25,20118,1747
25,7566,534
25,7500,513
25,7761,539
26,122037,6794
26,83264,3917
26,168802,8804
26,105306,5249
26,40528,1417
26,79287,3867
26,98744,6040
26,202943,12481
26,284085,18911
26,136045,8509
26,152974,11310
26,79652,5756
26,88669,6370
26,35836,2339
26,189609,14027
26,19948,1176
26,92399,6657
26,80037,5054
26,54328,4104
26,79844,5712
26,74227,5237
26,67910,5092
26,59038,4110
26,35214,2045
26,69761,6092
26,15121,1105
26,15914,1170
26,8447,545
26,9711,703
26,1626,65
26,4482,201
26,35630,3240
26,3078,142
26,15732,885
26,2410,108
26,23454,1690
27,102632,5953
27,67290,3872
27,65569,4060
27,83058,4356
27,84947,5092
27,69510,4414
27,69775,4436
27,61745,1835
27,97504,6867
27,176585,10222
27,80231,4646
27,134009,7322
27,92455,5291
27,165832,11153
27,106350,6532
27,155572,9771
27,130724,8114
27,121972,4700
27,172078,9343
27,111182,9308
27,127210,7927
27,200005,14584
27,110392,4635
27,78687,3146
27,148748,8867
27,123532,9514
27,85444,5706
27,133622,10454
27,154779,10782
27,156561,11885
27,39280,3011
27,199234,15441
27,389341,27742
27,104229,7067
27,355798,25692
27,77548,6331
27,357359,24927
27,90519,7349
27,146697,9271
27,407978,28435
27,274822,20905
27,271460,18368
27,100801,7638
27,119576,8220
27,238204,15471
27,112490,7229
27,124594,8709
27,127534,9224
27,184988,14881
27,129895,9045
27,74773,5167
27,117681,8441
27,130282,8740
27,83720,6076
27,59572,4473
27,66165,4708
27,509533,31650
27,64403,5185
27,57554,4513
27,77686,6024
27,58227,4254
27,56646,4106
27,28935,2113
27,21989,1112
27,11650,616
27,18149,1402
27,45069,3483
27,8085,688
27,17504,972
27,14220,1122
27,17040,1098
27,6015,318
28,210408,15116
28,133451,8399
28,108304,5328
28,101624,5546
28,167475,10345
28,220411,14620
28,226836,16273
28,126393,5493
28,249298,18537
28,536270,40945
28,453748,27498
28,290959,20507
28,482640,37044
28,47254,3109
28,93238,6465
28,196127,15035
28,31158,1885
28,85592,6073
28,266937,20135
28,50523,3603
28,42802,3080
28,225700,16149
28,81009,5237
28,93901,6800
28,156423,11137
28,49680,3910
28,114216,8287
28,47993,3168
28,43263,2842
28,26501,1728
28,67757,4746
28,49834,3234
28,32814,2242
28,46459,2796
28,40938,2905
28,40181,2927
28,80518,5736
28,31739,2596
28,23104,1657
28,31026,2169
28,33183,2459
28,13288,775
28,19830,1373
28,12289,792
28,33438,2948
28,16636,1069
28,19265,1117
28,19696,1283
28,16004,1036
29,366591,23547
29,68451,4340
29,89023,5846
29,69178,4809
29,125605,8968
29,60146,4068
29,34460,2047
29,30287,1511
29,118113,8983
29,75227,6717
29,35859,2846
29,34227,1855
29,4107,179
29,19727,1200
29,23440,1575
29,27734,1913
29,7929,397
29,8653,548
29,7440,399
29,32121,2219
29,1895,65
29,2102,77
29,7657,406
29,5856,323
29,23728,1723
29,22182,1416
29,33070,2601
29,18531,1111
29,8642,316
29,19176,1254
29,7020,314
29,840,32
29,1572,78
29,524,18
29,4107,211
29,1039,63
29,683,25
29,1643,46
29,2143,82
30,370364,23840
30,54783,3234
30,66361,4423
30,30592,2158
30,26111,1812
30,79119,5318
30,31498,2022
30,65840,4412
30,52882,4332
30,10391,451
30,18230,995
30,4963,226
30,3975,139
30,13210,835
30,7714,505
30,27162,1890
30,8077,505
30,7432,611
30,6508,440
30,8606,572
30,13470,1018
30,10509,730
30,22696,1306
30,14807,1174
30,4730,270
30,17080,937
30,3250,170
30,3103,134
30,486,21
30,18249,941
31,197449,13779
31,148271,10578
31,50720,3454
31,35259,2423
31,12362,749
31,3873,187
31,7718,368
31,18427,1209
31,7015,437
31,17029,1252
31,18531,1191
31,15442,1009
31,3339,246
31,17491,1019
31,11536,737
31,11621,680
31,5460,209
31,3745,157
31,3379,173
32,194258,13105
32,61713,3665
32,143796,10318
32,50015,3319
32,37996,2257
32,41836,2797
32,25697,1520
32,41917,2600
32,14355,1280
32,14456,828
32,5534,299
32,27689,2028
32,3900,201
32,5351,295
32,11959,652
32,8427,401
32,6810,370
32,2374,119
32,3136,165
32,657,37
32,15521,889
33,302685,20335
33,142237,10843
33,96948,7055
33,167714,13151
33,475513,35843
33,106788,7798
33,64588,3826
33,54225,3210
33,43927,2798
33,66201,4874
33,34963,1772
33,33870,2065
33,37839,2225
33,37852,2413
33,43458,3124
33,48964,3113
33,30498,1804
33,36114,2275
33,15362,877
33,12214,1038
33,10916,784
33,15092,899
33,957,53
33,13580,863
33,11195,789
33,6085,383
33,1520,76
33,5296,272
33,15642,928
33,13033,700
34,130482,6516
34,120751,8979
34,138190,9104
34,186985,13532
34,233733,21041
34,149633,10360
34,78789,6177
34,135280,10019
34,239973,14708
34,28644,1648
34,100509,6452
34,145202,8921
34,461357,33000
34,42563,2631
34,56605,3744
34,40244,2282
34,28836,1648
34,190135,14098
34,114038,7828
34,31487,1830
34,27031,1294
34,50442,3960
34,28475,2271
34,24533,1739
34,13262,991
34,7255,316
34,19969,1222
34,8448,330
34,17549,1033
34,10350,502
35,280947,17166
35,173772,11191
35,196628,13740
35,53747,2910
35,116611,8061
35,55012,3952
35,143857,9497
35,53004,3686
35,38349,2111
35,34730,2085
35,28630,1630
35,149487,10213
35,64550,4385
35,19084,734
35,6378,532
35,3332,111
35,15986,1062
35,13491,781
35,3743,163
36,264548,16716
36,61513,3787
36,40614,2643
36,76063,5201
36,44020,2556
36,39247,2338
36,32484,1829
36,29951,1540
36,5765,296
36,1783,76
36,2588,125
36,25954,1748
36,6038,194
36,9318,454
36,4826,235
36,7765,360
36,10446,582
36,15070,1170
36,21658,1620
36,33338,2712
36,14241,927
36,12727,790
36,10490,502
36,15044,919
37,419429,29536
37,110473,8253
37,55621,3460
37,33817,2276
37,62690,4156
37,53000,3281
37,33625,1877
37,68512,4200
37,15123,849
37,16152,871
37,28464,1958
37,3325,186
37,18434,1578
37,24625,1576
37,9967,574
37,23498,1576
37,19087,1161
38,517231,35518
38,166532,10672
38,84210,5230
38,38370,2192
38,121735,8432
38,112091,7817
38,47157,3199
38,38017,2490
38,90187,6058
38,42080,2527
38,35253,2344
38,7648,272
38,9644,443
38,30359,2206
38,21981,1522
38,18045,1116
38,10882,527
38,4377,241
38,11633,644
38,24061,1352
39,343393,23090
39,15210,662
39,19547,1085
39,49472,3432
39,28686,1726
39,24698,1468
39,22610,1424
39,16029,794
39,35933,2309
39,33830,2409
39,28766,1513
39,2947,141
39,3542,194
39,2932,172
39,2970,125
39,1367,72
39,1013,61
39,4048,230
39,4103,192
39,4719,115
39,4358,200
39,411,18
39,25062,1401
39,6500,288
39,7584,361
39,13951,819
39,6374,300
39,3984,200
39,5447,303
39,6407,383
39,18733,1063
39,5783,305
39,1681,98
39,12366,652
40,104469,6185
40,85167,5657
40,61583,3781
40,181936,10407
40,214793,16401
40,71801,3934
40,257097,18298
40,292199,21055
40,212527,10941
40,178429,8889
40,247096,17148
40,193280,15488
40,128659,8445
40,211553,16096
40,123638,7299
40,302402,21266
40,57686,3746
40,131492,8610
40,50605,3323
40,71375,4682
40,69057,4428
40,48512,3755
40,37448,2335
40,70468,4970
40,27031,1722
40,44210,2597
40,58499,4678
40,100172,7751
40,106780,9150
40,95087,7801
40,95501,6529
40,70482,5206
40,57920,4362
40,55431,3597
40,31640,2193
40,30081,1956
40,42589,2698
40,56355,3635
40,40732,2431
40,98435,7214
40,49780,4640
40,38592,2911
40,31318,2752
40,43564,3809
40,26044,1984
40,24679,2226
40,8373,688
40,41997,3848
40,15369,1163
40,30021,1684
40,32119,2341
40,19160,1143
40,8602,485
40,17088,980
40,13863,898
40,29155,2076
40,2432,131
40,15284,1128
40,14350,1150
40,20253,1515
40,11685,703
40,10909,630
40,9617,623
40,18264,1263
40,5503,337
40,3251,198
40,24714,1738
40,36005,2602
40,21572,1243
40,6792,535
40,7852,536
40,19544,1248
41,237506,17209
41,126926,9655
41,69074,5822
41,21404,1429
41,57161,4358
41,50699,3823
41,30720,2348
41,45133,3657
41,28984,2028
41,32899,2381
41,16405,1372
41,17837,1212
41,9224,819
41,26175,1629
41,6379,471
41,20929,1546
41,7369,421
41,9515,689
41,25607,1734
41,9842,675
42,443766,28039
42,261101,18128
42,47455,3285
42,140752,10324
42,90517,7843
42,34905,2301
42,25145,1749
42,34407,2460
42,29377,2116
42,40622,2481
42,31176,1917
42,47245,3275
42,50363,3213
42,42535,3650
42,30110,2736
42,8903,534
42,14651,1169
42,15227,1038
42,2849,119
42,13599,1143
42,22074,1407
43,734474,53747
43,132266,8554
43,35611,2499
43,55321,3773
43,26978,1720
43,69541,4666
43,55391,3610
43,50194,3521
43,37727,2840
43,29902,1916
43,61878,4223
43,28444,1778
43,89065,5783
43,55002,4762
43,11388,552
43,5554,363
43,10564,569
43,16594,1116
43,11247,624
43,31234,2640
43,37734,3424
43,4429,239
43,7877,514
43,1606,110
43,6716,411
43,6792,544
43,11972,684
43,17888,1165
43,8676,656
43,32676,2468
43,11181,650
43,16981,883
43,12715,786
43,19316,1073
43,5062,344
43,11075,921
43,10554,704
43,4375,277
43,2405,158
43,4934,306
43,1205,62
43,3681,309
43,4249,230
43,16638,1290
43,8314,510
44,474094,34806
44,125385,7287
44,84312,6041
44,70940,4865
44,76951,4513
44,41469,2540
44,19917,1067
44,24423,1148
44,23906,1381
44,32083,1931
44,59008,3789
44,39452,2206
44,34702,2318
44,32002,1779
44,2189,118
44,28221,2098
44,10421,582
44,17054,1121
45,400583,29697
45,169602,12344
45,131182,9501
45,57689,3593
45,48270,3272
45,63223,4763
45,20453,1201
45,32614,2245
45,21606,1309
45,24800,2000
45,10000,625
45,20909,1334
45,7224,469
45,21733,1495
45,18092,1409
45,1241,77
45,5177,348
45,17009,1269
45,11137,736
45,18854,1467
45,1882,125
45,3092,174
45,6248,323
45,13723,886
45,4463,264
45,4427,338
46,605846,43199
46,105070,8139
46,23638,1397
46,23154,1371
46,55621,4049
46,44396,2700
46,16951,1239
46,17248,920
46,99589,7470
46,50822,3375
46,39221,2256
46,127487,9980
46,31144,1986
46,38704,2219
46,33034,2276
46,46121,3573
46,39065,2317
46,29304,1733
46,74809,5419
46,418,28
46,657,37
46,24109,1480
46,11105,795
46,11595,644
46,14215,841
46,6802,440
46,8987,503
46,8815,446
46,17160,953
46,8696,600
46,6218,432
46,13589,1027
46,1765,114
46,1932,114
46,9874,644
46,6078,486
46,8169,653
46,12090,1077
46,6653,544
46,6844,492
46,7114,580
46,6806,552
46,5327,388
47,315954,26163
47,91928,8483
47,46922,4405
47,110351,10962
47,60231,5409
47,57320,5499
47,130249,12689
47,57261,5855
47,116979,10765
47,52039,4469
47,39758,3345
47,5188,340
47,3221,181
47,1794,145
47,9257,686
47,13870,983
47,10144,786
47,5331,529
47,11066,945
47,4737,349
47,38200,3752
47,13827,1269
47,27264,2596
47,15951,1400
47,17680,1471
47,34766,3158
47,16318,1522
47,35244,3514
47,760,69
47,865,75
47,863,59
47,452,16
47,1442,120
47,665,54
47,1385,127
47,1589,138
47,8519,729
47,26681,2389
47,1231,143
47,3859,320
47,1657,164
